id_pesquisa,instituto,nome_pesquisa,data_inicio,data_fim,tam_amostra_informada,universo,local,cod_pergunta,pergunta,alternativas,qtde_respostas,tam_amostra_calculada
Lapop-2012,Vox Populi,AmericasBarometer 2012: Brazil,01-03-2012,18-04-2012,1500,Eleitores de 16 anos ou mais,Brasil,arm1,ARM1. O(a) senhor(a) ou alguém em sua casa possui uma arma de fogo como um revól,Sí,45,1500
Lapop-2012,Vox Populi,AmericasBarometer 2012: Brazil,01-03-2012,18-04-2012,1500,Eleitores de 16 anos ou mais,Brasil,arm1,ARM1. O(a) senhor(a) ou alguém em sua casa possui uma arma de fogo como um revól,No,1451,1500
Lapop-2012,Vox Populi,AmericasBarometer 2012: Brazil,01-03-2012,18-04-2012,1500,Eleitores de 16 anos ou mais,Brasil,arm1,ARM1. O(a) senhor(a) ou alguém em sua casa possui uma arma de fogo como um revól,NR,3,1500
Lapop-2012,Vox Populi,AmericasBarometer 2012: Brazil,01-03-2012,18-04-2012,1500,Eleitores de 16 anos ou mais,Brasil,arm1,ARM1. O(a) senhor(a) ou alguém em sua casa possui uma arma de fogo como um revól,DK,1,1500
Lapop-2012,Vox Populi,AmericasBarometer 2012: Brazil,01-03-2012,18-04-2012,1500,Eleitores de 16 anos ou mais,Brasil,arm2,"ARM2. Se o(a) sr./sra. pudesse, teria uma arma de fogo como um revólver ou espin",NR,4,1500
Lapop-2012,Vox Populi,AmericasBarometer 2012: Brazil,01-03-2012,18-04-2012,1500,Eleitores de 16 anos ou mais,Brasil,arm2,"ARM2. Se o(a) sr./sra. pudesse, teria uma arma de fogo como um revólver ou espin",DK,7,1500
Lapop-2012,Vox Populi,AmericasBarometer 2012: Brazil,01-03-2012,18-04-2012,1500,Eleitores de 16 anos ou mais,Brasil,arm2,"ARM2. Se o(a) sr./sra. pudesse, teria uma arma de fogo como um revólver ou espin",N/A,43,1500
Lapop-2012,Vox Populi,AmericasBarometer 2012: Brazil,01-03-2012,18-04-2012,1500,Eleitores de 16 anos ou mais,Brasil,arm2,"ARM2. Se o(a) sr./sra. pudesse, teria uma arma de fogo como um revólver ou espin",Sim,300,1500
Lapop-2012,Vox Populi,AmericasBarometer 2012: Brazil,01-03-2012,18-04-2012,1500,Eleitores de 16 anos ou mais,Brasil,arm2,"ARM2. Se o(a) sr./sra. pudesse, teria uma arma de fogo como um revólver ou espin",Não,1146,1500
Lapop-2019,IBOPE,AmericasBarometer 2018/19: Brazil,29-01-2019,03-03-2019,2010,Eleitores de 16 anos ou mais,Brasil,arm2,"ARM2. Se o(a) sr./sra. pudesse, teria uma arma de fogo como um revólver ou espin",NR,2,1498
Lapop-2019,IBOPE,AmericasBarometer 2018/19: Brazil,29-01-2019,03-03-2019,2010,Eleitores de 16 anos ou mais,Brasil,arm2,"ARM2. Se o(a) sr./sra. pudesse, teria uma arma de fogo como um revólver ou espin",DK,6,1498
Lapop-2019,IBOPE,AmericasBarometer 2018/19: Brazil,29-01-2019,03-03-2019,2010,Eleitores de 16 anos ou mais,Brasil,arm2,"ARM2. Se o(a) sr./sra. pudesse, teria uma arma de fogo como um revólver ou espin",Sim,647,1498
Lapop-2019,IBOPE,AmericasBarometer 2018/19: Brazil,29-01-2019,03-03-2019,2010,Eleitores de 16 anos ou mais,Brasil,arm2,"ARM2. Se o(a) sr./sra. pudesse, teria uma arma de fogo como um revólver ou espin",Não,843,1498
Latino Barómetro-2011,IBOPE Inteligencia Brasil,Latino Barómetro-2011,04-09-2011,06-10-2011,1204,Eleitores de 16 anos ou mais,Brasil,p82n,Posesion de arma de fuego,Sí,1568,20204
Latino Barómetro-2011,IBOPE Inteligencia Brasil,Latino Barómetro-2011,04-09-2011,06-10-2011,1204,Eleitores de 16 anos ou mais,Brasil,p82n,Posesion de arma de fuego,No,18082,20204
Latino Barómetro-2011,IBOPE Inteligencia Brasil,Latino Barómetro-2011,04-09-2011,06-10-2011,1204,Eleitores de 16 anos ou mais,Brasil,p82n,Posesion de arma de fuego,No contesta,205,20204
Latino Barómetro-2011,IBOPE Inteligencia Brasil,Latino Barómetro-2011,04-09-2011,06-10-2011,1204,Eleitores de 16 anos ou mais,Brasil,p82n,Posesion de arma de fuego,No sabe,349,20204
01601,Data Folha,AVALIAÇÃO PRESIDENTE FERNANDO HENRIQUE - INTENÇÃO DE VOTO PARA PRESIDENTE - CRISE NA SEGURANÇA PÚBLICA,02-2002,02-2002,3857,Eleitores de 16 anos ou mais,Brasil,p39,"Gostaria de lembrar que não vou pedir seu nome e nada que possa identificá-lo, o importante é que você seja sincero. Você ou alguém na sua casa possui arma de fogo ?",Entrevistado possui arma,159,3857
01601,Data Folha,AVALIAÇÃO PRESIDENTE FERNANDO HENRIQUE - INTENÇÃO DE VOTO PARA PRESIDENTE - CRISE NA SEGURANÇA PÚBLICA,02-2002,02-2002,3857,Eleitores de 16 anos ou mais,Brasil,p39,"Gostaria de lembrar que não vou pedir seu nome e nada que possa identificá-lo, o importante é que você seja sincero. Você ou alguém na sua casa possui arma de fogo ?",Alguém na casa possui arma,249,3857
01601,Data Folha,AVALIAÇÃO PRESIDENTE FERNANDO HENRIQUE - INTENÇÃO DE VOTO PARA PRESIDENTE - CRISE NA SEGURANÇA PÚBLICA,02-2002,02-2002,3857,Eleitores de 16 anos ou mais,Brasil,p39,"Gostaria de lembrar que não vou pedir seu nome e nada que possa identificá-lo, o importante é que você seja sincero. Você ou alguém na sua casa possui arma de fogo ?",Não possui arma,3436,3857
01601,Data Folha,AVALIAÇÃO PRESIDENTE FERNANDO HENRIQUE - INTENÇÃO DE VOTO PARA PRESIDENTE - CRISE NA SEGURANÇA PÚBLICA,02-2002,02-2002,3857,Eleitores de 16 anos ou mais,Brasil,p39,"Gostaria de lembrar que não vou pedir seu nome e nada que possa identificá-lo, o importante é que você seja sincero. Você ou alguém na sua casa possui arma de fogo ?",Não sabe/ não respondeu,13,3857
01601,Data Folha,AVALIAÇÃO PRESIDENTE FERNANDO HENRIQUE - INTENÇÃO DE VOTO PARA PRESIDENTE - CRISE NA SEGURANÇA PÚBLICA,02-2002,02-2002,3857,Eleitores de 16 anos ou mais,Brasil,p40,(Caso o entrevistado não tenha arma) E você alguma vez já pensou em comprar uma arma de fogo para se defender da violência ?,Sim,775,3857
01601,Data Folha,AVALIAÇÃO PRESIDENTE FERNANDO HENRIQUE - INTENÇÃO DE VOTO PARA PRESIDENTE - CRISE NA SEGURANÇA PÚBLICA,02-2002,02-2002,3857,Eleitores de 16 anos ou mais,Brasil,p40,(Caso o entrevistado não tenha arma) E você alguma vez já pensou em comprar uma arma de fogo para se defender da violência ?,Não,2823,3857
01601,Data Folha,AVALIAÇÃO PRESIDENTE FERNANDO HENRIQUE - INTENÇÃO DE VOTO PARA PRESIDENTE - CRISE NA SEGURANÇA PÚBLICA,02-2002,02-2002,3857,Eleitores de 16 anos ou mais,Brasil,p40,(Caso o entrevistado não tenha arma) E você alguma vez já pensou em comprar uma arma de fogo para se defender da violência ?,Não sabe,93,3857
01601,Data Folha,AVALIAÇÃO PRESIDENTE FERNANDO HENRIQUE - INTENÇÃO DE VOTO PARA PRESIDENTE - CRISE NA SEGURANÇA PÚBLICA,02-2002,02-2002,3857,Eleitores de 16 anos ou mais,Brasil,p40,(Caso o entrevistado não tenha arma) E você alguma vez já pensou em comprar uma arma de fogo para se defender da violência ?,NA,166,3857
01601,Data Folha,AVALIAÇÃO PRESIDENTE FERNANDO HENRIQUE - INTENÇÃO DE VOTO PARA PRESIDENTE - CRISE NA SEGURANÇA PÚBLICA,02-2002,02-2002,3857,Eleitores de 16 anos ou mais,Brasil,p41,Você é a favor ou contra a venda de armas de fogo a civis ?,Não sabe,68,3857
01601,Data Folha,AVALIAÇÃO PRESIDENTE FERNANDO HENRIQUE - INTENÇÃO DE VOTO PARA PRESIDENTE - CRISE NA SEGURANÇA PÚBLICA,02-2002,02-2002,3857,Eleitores de 16 anos ou mais,Brasil,p41,Você é a favor ou contra a venda de armas de fogo a civis ?,A favor,747,3857
01601,Data Folha,AVALIAÇÃO PRESIDENTE FERNANDO HENRIQUE - INTENÇÃO DE VOTO PARA PRESIDENTE - CRISE NA SEGURANÇA PÚBLICA,02-2002,02-2002,3857,Eleitores de 16 anos ou mais,Brasil,p41,Você é a favor ou contra a venda de armas de fogo a civis ?,Contra,2941,3857
01601,Data Folha,AVALIAÇÃO PRESIDENTE FERNANDO HENRIQUE - INTENÇÃO DE VOTO PARA PRESIDENTE - CRISE NA SEGURANÇA PÚBLICA,02-2002,02-2002,3857,Eleitores de 16 anos ou mais,Brasil,p41,Você é a favor ou contra a venda de armas de fogo a civis ?,Indiferente,101,3857
02528,Data Folha,AVALIAÇÃO DO PRESIDENTE LULA - REFERENDO ARMAS DE FOGO - INTENÇÃO DE VOTO PRESIDENTE 2006 - CORRUPÇÃO NO GOVERNO LULA - LULA E O PT - AVALIAÇÃO DOS SENADORES E DEPUTADOS FEDERAIS – CONGRESSO - PROGRAMAS SOCIAIS DO GOVERNO LULA,10-2005,10-2005,2537,Eleitores de 16 anos ou mais,Brasil,p3,"No próximo domingo haverá o referendo sobre a proibição de armas de fogo e munição no Brasil. Você vai estar aqui e votar no referendo, domingo que vem, ou pretende sair da cidade e justificar?",Vai estar na cidade e votar (PROSSIGA),2190,2537
02528,Data Folha,AVALIAÇÃO DO PRESIDENTE LULA - REFERENDO ARMAS DE FOGO - INTENÇÃO DE VOTO PRESIDENTE 2006 - CORRUPÇÃO NO GOVERNO LULA - LULA E O PT - AVALIAÇÃO DOS SENADORES E DEPUTADOS FEDERAIS – CONGRESSO - PROGRAMAS SOCIAIS DO GOVERNO LULA,10-2005,10-2005,2537,Eleitores de 16 anos ou mais,Brasil,p3,"No próximo domingo haverá o referendo sobre a proibição de armas de fogo e munição no Brasil. Você vai estar aqui e votar no referendo, domingo que vem, ou pretende sair da cidade e justificar?",Vai sair da cidade e justificar (PULE PARA P.9),109,2537
02528,Data Folha,AVALIAÇÃO DO PRESIDENTE LULA - REFERENDO ARMAS DE FOGO - INTENÇÃO DE VOTO PRESIDENTE 2006 - CORRUPÇÃO NO GOVERNO LULA - LULA E O PT - AVALIAÇÃO DOS SENADORES E DEPUTADOS FEDERAIS – CONGRESSO - PROGRAMAS SOCIAIS DO GOVERNO LULA,10-2005,10-2005,2537,Eleitores de 16 anos ou mais,Brasil,p3,"No próximo domingo haverá o referendo sobre a proibição de armas de fogo e munição no Brasil. Você vai estar aqui e votar no referendo, domingo que vem, ou pretende sair da cidade e justificar?",Não vai votar (PULE PARA P.9) (ANOTE MOTIVO),238,2537
02528,Data Folha,AVALIAÇÃO DO PRESIDENTE LULA - REFERENDO ARMAS DE FOGO - INTENÇÃO DE VOTO PRESIDENTE 2006 - CORRUPÇÃO NO GOVERNO LULA - LULA E O PT - AVALIAÇÃO DOS SENADORES E DEPUTADOS FEDERAIS – CONGRESSO - PROGRAMAS SOCIAIS DO GOVERNO LULA,10-2005,10-2005,2537,Eleitores de 16 anos ou mais,Brasil,p4,(PARA QUEM VAI ESTAR NA CIDADE E VOTAR - P.3 = 1) Na urna eletrônica haverá a seguinte pergunta: o comércio de armas de fogo e munição deve ser proibido no Brasil? Se o referendo fosse hoje você votaria sim ou não?,Sim,841,2537
02528,Data Folha,AVALIAÇÃO DO PRESIDENTE LULA - REFERENDO ARMAS DE FOGO - INTENÇÃO DE VOTO PRESIDENTE 2006 - CORRUPÇÃO NO GOVERNO LULA - LULA E O PT - AVALIAÇÃO DOS SENADORES E DEPUTADOS FEDERAIS – CONGRESSO - PROGRAMAS SOCIAIS DO GOVERNO LULA,10-2005,10-2005,2537,Eleitores de 16 anos ou mais,Brasil,p4,(PARA QUEM VAI ESTAR NA CIDADE E VOTAR - P.3 = 1) Na urna eletrônica haverá a seguinte pergunta: o comércio de armas de fogo e munição deve ser proibido no Brasil? Se o referendo fosse hoje você votaria sim ou não?,Não,1124,2537
02528,Data Folha,AVALIAÇÃO DO PRESIDENTE LULA - REFERENDO ARMAS DE FOGO - INTENÇÃO DE VOTO PRESIDENTE 2006 - CORRUPÇÃO NO GOVERNO LULA - LULA E O PT - AVALIAÇÃO DOS SENADORES E DEPUTADOS FEDERAIS – CONGRESSO - PROGRAMAS SOCIAIS DO GOVERNO LULA,10-2005,10-2005,2537,Eleitores de 16 anos ou mais,Brasil,p4,(PARA QUEM VAI ESTAR NA CIDADE E VOTAR - P.3 = 1) Na urna eletrônica haverá a seguinte pergunta: o comércio de armas de fogo e munição deve ser proibido no Brasil? Se o referendo fosse hoje você votaria sim ou não?,Não sabe,196,2537
02528,Data Folha,AVALIAÇÃO DO PRESIDENTE LULA - REFERENDO ARMAS DE FOGO - INTENÇÃO DE VOTO PRESIDENTE 2006 - CORRUPÇÃO NO GOVERNO LULA - LULA E O PT - AVALIAÇÃO DOS SENADORES E DEPUTADOS FEDERAIS – CONGRESSO - PROGRAMAS SOCIAIS DO GOVERNO LULA,10-2005,10-2005,2537,Eleitores de 16 anos ou mais,Brasil,p4,(PARA QUEM VAI ESTAR NA CIDADE E VOTAR - P.3 = 1) Na urna eletrônica haverá a seguinte pergunta: o comércio de armas de fogo e munição deve ser proibido no Brasil? Se o referendo fosse hoje você votaria sim ou não?,Em branco,18,2537
02528,Data Folha,AVALIAÇÃO DO PRESIDENTE LULA - REFERENDO ARMAS DE FOGO - INTENÇÃO DE VOTO PRESIDENTE 2006 - CORRUPÇÃO NO GOVERNO LULA - LULA E O PT - AVALIAÇÃO DOS SENADORES E DEPUTADOS FEDERAIS – CONGRESSO - PROGRAMAS SOCIAIS DO GOVERNO LULA,10-2005,10-2005,2537,Eleitores de 16 anos ou mais,Brasil,p4,(PARA QUEM VAI ESTAR NA CIDADE E VOTAR - P.3 = 1) Na urna eletrônica haverá a seguinte pergunta: o comércio de armas de fogo e munição deve ser proibido no Brasil? Se o referendo fosse hoje você votaria sim ou não?,Nulo,11,2537
02528,Data Folha,AVALIAÇÃO DO PRESIDENTE LULA - REFERENDO ARMAS DE FOGO - INTENÇÃO DE VOTO PRESIDENTE 2006 - CORRUPÇÃO NO GOVERNO LULA - LULA E O PT - AVALIAÇÃO DOS SENADORES E DEPUTADOS FEDERAIS – CONGRESSO - PROGRAMAS SOCIAIS DO GOVERNO LULA,10-2005,10-2005,2537,Eleitores de 16 anos ou mais,Brasil,p4,(PARA QUEM VAI ESTAR NA CIDADE E VOTAR - P.3 = 1) Na urna eletrônica haverá a seguinte pergunta: o comércio de armas de fogo e munição deve ser proibido no Brasil? Se o referendo fosse hoje você votaria sim ou não?,NA,347,2537
02528,Data Folha,AVALIAÇÃO DO PRESIDENTE LULA - REFERENDO ARMAS DE FOGO - INTENÇÃO DE VOTO PRESIDENTE 2006 - CORRUPÇÃO NO GOVERNO LULA - LULA E O PT - AVALIAÇÃO DOS SENADORES E DEPUTADOS FEDERAIS – CONGRESSO - PROGRAMAS SOCIAIS DO GOVERNO LULA,10-2005,10-2005,2537,Eleitores de 16 anos ou mais,Brasil,p5,"(PARA QUEM VOTARIA NO 'SIM' OU NO 'NÃO' OU DISSE QUE VAI ANULAR / VOTAR NULO NA P.4) Qual número você vai digitar na urna eletrônica para confirmar seu voto no referendo de domingo? (SE VOTARIA EM BRANCO OU ESTÁ INDECISO, NÃO APLIQUE A PERGUNTA)?",1-Não,1060,2537
02528,Data Folha,AVALIAÇÃO DO PRESIDENTE LULA - REFERENDO ARMAS DE FOGO - INTENÇÃO DE VOTO PRESIDENTE 2006 - CORRUPÇÃO NO GOVERNO LULA - LULA E O PT - AVALIAÇÃO DOS SENADORES E DEPUTADOS FEDERAIS – CONGRESSO - PROGRAMAS SOCIAIS DO GOVERNO LULA,10-2005,10-2005,2537,Eleitores de 16 anos ou mais,Brasil,p5,"(PARA QUEM VOTARIA NO 'SIM' OU NO 'NÃO' OU DISSE QUE VAI ANULAR / VOTAR NULO NA P.4) Qual número você vai digitar na urna eletrônica para confirmar seu voto no referendo de domingo? (SE VOTARIA EM BRANCO OU ESTÁ INDECISO, NÃO APLIQUE A PERGUNTA)?",2-Sim,757,2537
02528,Data Folha,AVALIAÇÃO DO PRESIDENTE LULA - REFERENDO ARMAS DE FOGO - INTENÇÃO DE VOTO PRESIDENTE 2006 - CORRUPÇÃO NO GOVERNO LULA - LULA E O PT - AVALIAÇÃO DOS SENADORES E DEPUTADOS FEDERAIS – CONGRESSO - PROGRAMAS SOCIAIS DO GOVERNO LULA,10-2005,10-2005,2537,Eleitores de 16 anos ou mais,Brasil,p5,"(PARA QUEM VOTARIA NO 'SIM' OU NO 'NÃO' OU DISSE QUE VAI ANULAR / VOTAR NULO NA P.4) Qual número você vai digitar na urna eletrônica para confirmar seu voto no referendo de domingo? (SE VOTARIA EM BRANCO OU ESTÁ INDECISO, NÃO APLIQUE A PERGUNTA)?",Não sabe o número,139,2537
02528,Data Folha,AVALIAÇÃO DO PRESIDENTE LULA - REFERENDO ARMAS DE FOGO - INTENÇÃO DE VOTO PRESIDENTE 2006 - CORRUPÇÃO NO GOVERNO LULA - LULA E O PT - AVALIAÇÃO DOS SENADORES E DEPUTADOS FEDERAIS – CONGRESSO - PROGRAMAS SOCIAIS DO GOVERNO LULA,10-2005,10-2005,2537,Eleitores de 16 anos ou mais,Brasil,p5,"(PARA QUEM VOTARIA NO 'SIM' OU NO 'NÃO' OU DISSE QUE VAI ANULAR / VOTAR NULO NA P.4) Qual número você vai digitar na urna eletrônica para confirmar seu voto no referendo de domingo? (SE VOTARIA EM BRANCO OU ESTÁ INDECISO, NÃO APLIQUE A PERGUNTA)?",Não sabe como anular o voto,20,2537
02528,Data Folha,AVALIAÇÃO DO PRESIDENTE LULA - REFERENDO ARMAS DE FOGO - INTENÇÃO DE VOTO PRESIDENTE 2006 - CORRUPÇÃO NO GOVERNO LULA - LULA E O PT - AVALIAÇÃO DOS SENADORES E DEPUTADOS FEDERAIS – CONGRESSO - PROGRAMAS SOCIAIS DO GOVERNO LULA,10-2005,10-2005,2537,Eleitores de 16 anos ou mais,Brasil,p5,"(PARA QUEM VOTARIA NO 'SIM' OU NO 'NÃO' OU DISSE QUE VAI ANULAR / VOTAR NULO NA P.4) Qual número você vai digitar na urna eletrônica para confirmar seu voto no referendo de domingo? (SE VOTARIA EM BRANCO OU ESTÁ INDECISO, NÃO APLIQUE A PERGUNTA)?",NA,561,2537
02528,Data Folha,AVALIAÇÃO DO PRESIDENTE LULA - REFERENDO ARMAS DE FOGO - INTENÇÃO DE VOTO PRESIDENTE 2006 - CORRUPÇÃO NO GOVERNO LULA - LULA E O PT - AVALIAÇÃO DOS SENADORES E DEPUTADOS FEDERAIS – CONGRESSO - PROGRAMAS SOCIAIS DO GOVERNO LULA,10-2005,10-2005,2537,Eleitores de 16 anos ou mais,Brasil,p6,Apenas para confirmar sua opinião:,Não sabe,155,2537
02528,Data Folha,AVALIAÇÃO DO PRESIDENTE LULA - REFERENDO ARMAS DE FOGO - INTENÇÃO DE VOTO PRESIDENTE 2006 - CORRUPÇÃO NO GOVERNO LULA - LULA E O PT - AVALIAÇÃO DOS SENADORES E DEPUTADOS FEDERAIS – CONGRESSO - PROGRAMAS SOCIAIS DO GOVERNO LULA,10-2005,10-2005,2537,Eleitores de 16 anos ou mais,Brasil,p6,Apenas para confirmar sua opinião:,O comércio armas/munição deve continuar permitido como hoje,1116,2537
02528,Data Folha,AVALIAÇÃO DO PRESIDENTE LULA - REFERENDO ARMAS DE FOGO - INTENÇÃO DE VOTO PRESIDENTE 2006 - CORRUPÇÃO NO GOVERNO LULA - LULA E O PT - AVALIAÇÃO DOS SENADORES E DEPUTADOS FEDERAIS – CONGRESSO - PROGRAMAS SOCIAIS DO GOVERNO LULA,10-2005,10-2005,2537,Eleitores de 16 anos ou mais,Brasil,p6,Apenas para confirmar sua opinião:,O comércio de armas/munição deve ser proibido no Brasil?,900,2537
02528,Data Folha,AVALIAÇÃO DO PRESIDENTE LULA - REFERENDO ARMAS DE FOGO - INTENÇÃO DE VOTO PRESIDENTE 2006 - CORRUPÇÃO NO GOVERNO LULA - LULA E O PT - AVALIAÇÃO DOS SENADORES E DEPUTADOS FEDERAIS – CONGRESSO - PROGRAMAS SOCIAIS DO GOVERNO LULA,10-2005,10-2005,2537,Eleitores de 16 anos ou mais,Brasil,p6,Apenas para confirmar sua opinião:,Outras respostas,19,2537
02528,Data Folha,AVALIAÇÃO DO PRESIDENTE LULA - REFERENDO ARMAS DE FOGO - INTENÇÃO DE VOTO PRESIDENTE 2006 - CORRUPÇÃO NO GOVERNO LULA - LULA E O PT - AVALIAÇÃO DOS SENADORES E DEPUTADOS FEDERAIS – CONGRESSO - PROGRAMAS SOCIAIS DO GOVERNO LULA,10-2005,10-2005,2537,Eleitores de 16 anos ou mais,Brasil,p6,Apenas para confirmar sua opinião:,NA,347,2537
02528,Data Folha,AVALIAÇÃO DO PRESIDENTE LULA - REFERENDO ARMAS DE FOGO - INTENÇÃO DE VOTO PRESIDENTE 2006 - CORRUPÇÃO NO GOVERNO LULA - LULA E O PT - AVALIAÇÃO DOS SENADORES E DEPUTADOS FEDERAIS – CONGRESSO - PROGRAMAS SOCIAIS DO GOVERNO LULA,10-2005,10-2005,2537,Eleitores de 16 anos ou mais,Brasil,p9,"(NÃO APLIQUE PARA ENTREVISTADOS DE 16 E 17 ANOS E ACIMA DE 70 ANOS) Se o voto não fosse obrigatório, você iria votar no referendo sobre a proibição do comércio de armas?",Não sabe,35,2537
02528,Data Folha,AVALIAÇÃO DO PRESIDENTE LULA - REFERENDO ARMAS DE FOGO - INTENÇÃO DE VOTO PRESIDENTE 2006 - CORRUPÇÃO NO GOVERNO LULA - LULA E O PT - AVALIAÇÃO DOS SENADORES E DEPUTADOS FEDERAIS – CONGRESSO - PROGRAMAS SOCIAIS DO GOVERNO LULA,10-2005,10-2005,2537,Eleitores de 16 anos ou mais,Brasil,p9,"(NÃO APLIQUE PARA ENTREVISTADOS DE 16 E 17 ANOS E ACIMA DE 70 ANOS) Se o voto não fosse obrigatório, você iria votar no referendo sobre a proibição do comércio de armas?","Sim, votaria",1178,2537
02528,Data Folha,AVALIAÇÃO DO PRESIDENTE LULA - REFERENDO ARMAS DE FOGO - INTENÇÃO DE VOTO PRESIDENTE 2006 - CORRUPÇÃO NO GOVERNO LULA - LULA E O PT - AVALIAÇÃO DOS SENADORES E DEPUTADOS FEDERAIS – CONGRESSO - PROGRAMAS SOCIAIS DO GOVERNO LULA,10-2005,10-2005,2537,Eleitores de 16 anos ou mais,Brasil,p9,"(NÃO APLIQUE PARA ENTREVISTADOS DE 16 E 17 ANOS E ACIMA DE 70 ANOS) Se o voto não fosse obrigatório, você iria votar no referendo sobre a proibição do comércio de armas?",Não votaria,1074,2537
02528,Data Folha,AVALIAÇÃO DO PRESIDENTE LULA - REFERENDO ARMAS DE FOGO - INTENÇÃO DE VOTO PRESIDENTE 2006 - CORRUPÇÃO NO GOVERNO LULA - LULA E O PT - AVALIAÇÃO DOS SENADORES E DEPUTADOS FEDERAIS – CONGRESSO - PROGRAMAS SOCIAIS DO GOVERNO LULA,10-2005,10-2005,2537,Eleitores de 16 anos ou mais,Brasil,p9,"(NÃO APLIQUE PARA ENTREVISTADOS DE 16 E 17 ANOS E ACIMA DE 70 ANOS) Se o voto não fosse obrigatório, você iria votar no referendo sobre a proibição do comércio de armas?",NA,250,2537
02528,Data Folha,AVALIAÇÃO DO PRESIDENTE LULA - REFERENDO ARMAS DE FOGO - INTENÇÃO DE VOTO PRESIDENTE 2006 - CORRUPÇÃO NO GOVERNO LULA - LULA E O PT - AVALIAÇÃO DOS SENADORES E DEPUTADOS FEDERAIS – CONGRESSO - PROGRAMAS SOCIAIS DO GOVERNO LULA,10-2005,10-2005,2537,Eleitores de 16 anos ou mais,Brasil,p29,Você ou alguém na sua casa possui arma de fogo?,Não,2323,2537
02528,Data Folha,AVALIAÇÃO DO PRESIDENTE LULA - REFERENDO ARMAS DE FOGO - INTENÇÃO DE VOTO PRESIDENTE 2006 - CORRUPÇÃO NO GOVERNO LULA - LULA E O PT - AVALIAÇÃO DOS SENADORES E DEPUTADOS FEDERAIS – CONGRESSO - PROGRAMAS SOCIAIS DO GOVERNO LULA,10-2005,10-2005,2537,Eleitores de 16 anos ou mais,Brasil,p29,Você ou alguém na sua casa possui arma de fogo?,Não sabe,2,2537
02528,Data Folha,AVALIAÇÃO DO PRESIDENTE LULA - REFERENDO ARMAS DE FOGO - INTENÇÃO DE VOTO PRESIDENTE 2006 - CORRUPÇÃO NO GOVERNO LULA - LULA E O PT - AVALIAÇÃO DOS SENADORES E DEPUTADOS FEDERAIS – CONGRESSO - PROGRAMAS SOCIAIS DO GOVERNO LULA,10-2005,10-2005,2537,Eleitores de 16 anos ou mais,Brasil,p29,Você ou alguém na sua casa possui arma de fogo?,Entrevistado possui arma,96,2537
02528,Data Folha,AVALIAÇÃO DO PRESIDENTE LULA - REFERENDO ARMAS DE FOGO - INTENÇÃO DE VOTO PRESIDENTE 2006 - CORRUPÇÃO NO GOVERNO LULA - LULA E O PT - AVALIAÇÃO DOS SENADORES E DEPUTADOS FEDERAIS – CONGRESSO - PROGRAMAS SOCIAIS DO GOVERNO LULA,10-2005,10-2005,2537,Eleitores de 16 anos ou mais,Brasil,p29,Você ou alguém na sua casa possui arma de fogo?,Alguém na casa possui arma,116,2537
02528,Data Folha,AVALIAÇÃO DO PRESIDENTE LULA - REFERENDO ARMAS DE FOGO - INTENÇÃO DE VOTO PRESIDENTE 2006 - CORRUPÇÃO NO GOVERNO LULA - LULA E O PT - AVALIAÇÃO DOS SENADORES E DEPUTADOS FEDERAIS – CONGRESSO - PROGRAMAS SOCIAIS DO GOVERNO LULA,10-2005,10-2005,2537,Eleitores de 16 anos ou mais,Brasil,p30,(PARA QUEM NÃO TEM ARMA - P.29 # 1) E você alguma vez já pensou em comprar uma arma de fogo para se defender da violência?,Sim,571,2537
02528,Data Folha,AVALIAÇÃO DO PRESIDENTE LULA - REFERENDO ARMAS DE FOGO - INTENÇÃO DE VOTO PRESIDENTE 2006 - CORRUPÇÃO NO GOVERNO LULA - LULA E O PT - AVALIAÇÃO DOS SENADORES E DEPUTADOS FEDERAIS – CONGRESSO - PROGRAMAS SOCIAIS DO GOVERNO LULA,10-2005,10-2005,2537,Eleitores de 16 anos ou mais,Brasil,p30,(PARA QUEM NÃO TEM ARMA - P.29 # 1) E você alguma vez já pensou em comprar uma arma de fogo para se defender da violência?,Não,1829,2537
02528,Data Folha,AVALIAÇÃO DO PRESIDENTE LULA - REFERENDO ARMAS DE FOGO - INTENÇÃO DE VOTO PRESIDENTE 2006 - CORRUPÇÃO NO GOVERNO LULA - LULA E O PT - AVALIAÇÃO DOS SENADORES E DEPUTADOS FEDERAIS – CONGRESSO - PROGRAMAS SOCIAIS DO GOVERNO LULA,10-2005,10-2005,2537,Eleitores de 16 anos ou mais,Brasil,p30,(PARA QUEM NÃO TEM ARMA - P.29 # 1) E você alguma vez já pensou em comprar uma arma de fogo para se defender da violência?,Não sabe,41,2537
02528,Data Folha,AVALIAÇÃO DO PRESIDENTE LULA - REFERENDO ARMAS DE FOGO - INTENÇÃO DE VOTO PRESIDENTE 2006 - CORRUPÇÃO NO GOVERNO LULA - LULA E O PT - AVALIAÇÃO DOS SENADORES E DEPUTADOS FEDERAIS – CONGRESSO - PROGRAMAS SOCIAIS DO GOVERNO LULA,10-2005,10-2005,2537,Eleitores de 16 anos ou mais,Brasil,p30,(PARA QUEM NÃO TEM ARMA - P.29 # 1) E você alguma vez já pensou em comprar uma arma de fogo para se defender da violência?,NA,96,2537
03372,Data Folha,AVALIAÇÃO DA PRESIDENTE DILMA APÓS DOIS ANOS DE GOVERNO,12-2012,12-2012,2588,Eleitores de 16 anos ou mais,Brasil,p16a,Agora eu vou ler algumas frases e gostaria de saber com qual você concorda mais:,Não sabe,56,2588
03372,Data Folha,AVALIAÇÃO DA PRESIDENTE DILMA APÓS DOIS ANOS DE GOVERNO,12-2012,12-2012,2588,Eleitores de 16 anos ou mais,Brasil,p16a,Agora eu vou ler algumas frases e gostaria de saber com qual você concorda mais:,Possuir uma arma legalizada deveria ser um direito do cidadão para se defender,782,2588
03372,Data Folha,AVALIAÇÃO DA PRESIDENTE DILMA APÓS DOIS ANOS DE GOVERNO,12-2012,12-2012,2588,Eleitores de 16 anos ou mais,Brasil,p16a,Agora eu vou ler algumas frases e gostaria de saber com qual você concorda mais:,"A posse de armas deve continuar proibida, pois representa ameaça à vida de outras pessoas",1750,2588
03836,Data Folha,INTENÇÃO DE VOTO PARA PRESIDENTE AVALIAÇÃO DA PRESIDENTE DILMA,09-2014,09-2014,10054,Eleitores de 16 anos ou mais,Brasil,p15a,Agora eu vou ler algumas frases e gostaria de saber com qual você concorda mais:,Não sabe,351,10054
03836,Data Folha,INTENÇÃO DE VOTO PARA PRESIDENTE AVALIAÇÃO DA PRESIDENTE DILMA,09-2014,09-2014,10054,Eleitores de 16 anos ou mais,Brasil,p15a,Agora eu vou ler algumas frases e gostaria de saber com qual você concorda mais:,Possuir uma arma legalizada deveria ser um direito do cidadã,3376,10054
03836,Data Folha,INTENÇÃO DE VOTO PARA PRESIDENTE AVALIAÇÃO DA PRESIDENTE DILMA,09-2014,09-2014,10054,Eleitores de 16 anos ou mais,Brasil,p15a,Agora eu vou ler algumas frases e gostaria de saber com qual você concorda mais:,"A posse de armas deve ser proibida, pois representa ameaça à",6327,10054
03925,Data Folha,AVALIAÇÃO DA PRESIDENTE DILMA,10-2013,10-2013,2517,Eleitores de 16 anos ou mais,Brasil,p18a,Agora eu vou ler algumas frases e gostaria de saber com qual você concorda mais:,Não sabe,52,2517
03925,Data Folha,AVALIAÇÃO DA PRESIDENTE DILMA,10-2013,10-2013,2517,Eleitores de 16 anos ou mais,Brasil,p18a,Agora eu vou ler algumas frases e gostaria de saber com qual você concorda mais:,Não respondeu,14,2517
03925,Data Folha,AVALIAÇÃO DA PRESIDENTE DILMA,10-2013,10-2013,2517,Eleitores de 16 anos ou mais,Brasil,p18a,Agora eu vou ler algumas frases e gostaria de saber com qual você concorda mais:,Possuir uma arma legalizada deveria ser um direito do cidadã,725,2517
03925,Data Folha,AVALIAÇÃO DA PRESIDENTE DILMA,10-2013,10-2013,2517,Eleitores de 16 anos ou mais,Brasil,p18a,Agora eu vou ler algumas frases e gostaria de saber com qual você concorda mais:,"A posse de armas deve ser proibida, pois representa ameaça à",1726,2517
03926,Data Folha,AVALIAÇÃO DA PRESIDENTE DILMA,11-2013,11-2013,4557,Eleitores de 16 anos ou mais,Brasil,p15a,Agora eu vou ler algumas frases e gostaria de saber com qual você concorda mais:,Não sabe,107,4557
03926,Data Folha,AVALIAÇÃO DA PRESIDENTE DILMA,11-2013,11-2013,4557,Eleitores de 16 anos ou mais,Brasil,p15a,Agora eu vou ler algumas frases e gostaria de saber com qual você concorda mais:,Possuir uma arma legalizada deveria ser um direito do cidadã,1225,4557
03926,Data Folha,AVALIAÇÃO DA PRESIDENTE DILMA,11-2013,11-2013,4557,Eleitores de 16 anos ou mais,Brasil,p15a,Agora eu vou ler algumas frases e gostaria de saber com qual você concorda mais:,"A posse de armas deve ser proibida, pois representa ameaça à",3225,4557
04405,Data Folha,INTENÇÃO DE VOTO PARA PRESIDENTE/AVALIAÇÃO DO PRESIDENTE TEMER - 1 ANO E 6 MESES,11-2017,11-2017,2761,Eleitores de 16 anos ou mais,Brasil,p28,Com qual frase você concorda mais:,Não sabe,70,2765
04405,Data Folha,INTENÇÃO DE VOTO PARA PRESIDENTE/AVALIAÇÃO DO PRESIDENTE TEMER - 1 ANO E 6 MESES,11-2017,11-2017,2761,Eleitores de 16 anos ou mais,Brasil,p28,Com qual frase você concorda mais:,Possuir uma arma legalizada deveria ser um direito do cidadão para se defender,1165,2765
04405,Data Folha,INTENÇÃO DE VOTO PARA PRESIDENTE/AVALIAÇÃO DO PRESIDENTE TEMER - 1 ANO E 6 MESES,11-2017,11-2017,2761,Eleitores de 16 anos ou mais,Brasil,p28,Com qual frase você concorda mais:,"A posse de armas deve ser proibida, pois representa ameaça à vida de outras pessoas",1530,2765
04422,Data Folha,INTENÇÃO DE VOTO PARA PRESIDENTE/AVALIAÇÃO DO PRESIDENTE TEMER - 1 ANO E 1 MÊS,06-2017,06-2017,2771,Eleitores de 16 anos ou mais,Brasil,p20a,"(...) qual você concorda mais: Possuir uma arma legalizada deveria ser um direito do cidadão para se defender OU A posse de armas deve ser proibida, pois representa ameaça à vida de outras pessoas?",Não sabe,60,2771
04422,Data Folha,INTENÇÃO DE VOTO PARA PRESIDENTE/AVALIAÇÃO DO PRESIDENTE TEMER - 1 ANO E 1 MÊS,06-2017,06-2017,2771,Eleitores de 16 anos ou mais,Brasil,p20a,"(...) qual você concorda mais: Possuir uma arma legalizada deveria ser um direito do cidadão para se defender OU A posse de armas deve ser proibida, pois representa ameaça à vida de outras pessoas?",Possuir uma arma legalizada deveria ser um direito do cidadão para se defender,1219,2771
04422,Data Folha,INTENÇÃO DE VOTO PARA PRESIDENTE/AVALIAÇÃO DO PRESIDENTE TEMER - 1 ANO E 1 MÊS,06-2017,06-2017,2771,Eleitores de 16 anos ou mais,Brasil,p20a,"(...) qual você concorda mais: Possuir uma arma legalizada deveria ser um direito do cidadão para se defender OU A posse de armas deve ser proibida, pois representa ameaça à vida de outras pessoas?","A posse de armas deve ser proibida, pois representa ameaça à vida de outras pessoas",1492,2771
04572,Data Folha,INTENÇÃO DE VOTO PARA PRESIDENTE,08-2018,08-2018,8433,Eleitores de 16 anos ou mais,Brasil,p23,Com qual frase você concorda mais: (...) ?,Não sabe,221,8433
04572,Data Folha,INTENÇÃO DE VOTO PARA PRESIDENTE,08-2018,08-2018,8433,Eleitores de 16 anos ou mais,Brasil,p23,Com qual frase você concorda mais: (...) ?,Possuir uma arma legalizada deveria ser um direito do cidadão para se defender,3076,8433
04572,Data Folha,INTENÇÃO DE VOTO PARA PRESIDENTE,08-2018,08-2018,8433,Eleitores de 16 anos ou mais,Brasil,p23,Com qual frase você concorda mais: (...) ?,"A posse de armas deve ser proibida, pois representa ameaça à vida de outras pessoas",5136,8433
04696,Data Folha,INTENÇÃO DE VOTO PARA PRESIDENTE - 2º TURNO,10-2018,10-2018,9173,População adulta do Brasil,Brasil,p23a,Agora eu vou ler algumas frases e gostaria de saber com qual você concorda mais:,Não sabe,334,9173
04696,Data Folha,INTENÇÃO DE VOTO PARA PRESIDENTE - 2º TURNO,10-2018,10-2018,9173,População adulta do Brasil,Brasil,p23a,Agora eu vou ler algumas frases e gostaria de saber com qual você concorda mais:,Possuir uma arma legalizada deveria ser um direito do cidadão para se defender,3714,9173
04696,Data Folha,INTENÇÃO DE VOTO PARA PRESIDENTE - 2º TURNO,10-2018,10-2018,9173,População adulta do Brasil,Brasil,p23a,Agora eu vou ler algumas frases e gostaria de saber com qual você concorda mais:,"A posse de armas deve ser proibida, pois representa ameaça à vida de outras pessoas?",5125,9173
04714,Data Folha,Expectativa do governo Bolsonaro,12-2018,12-2018,2077,População acima de 16 anos,Brasil,p40,(Caso o entrevistado não tenha arma) E você alguma vez já pensou em comprar uma arma de fogo para se defender da violência ?,Sim,753,2077
04714,Data Folha,Expectativa do governo Bolsonaro,12-2018,12-2018,2077,População acima de 16 anos,Brasil,p40,(Caso o entrevistado não tenha arma) E você alguma vez já pensou em comprar uma arma de fogo para se defender da violência ?,Não,1278,2077
04714,Data Folha,Expectativa do governo Bolsonaro,12-2018,12-2018,2077,População acima de 16 anos,Brasil,p40,(Caso o entrevistado não tenha arma) E você alguma vez já pensou em comprar uma arma de fogo para se defender da violência ?,Não sabe,46,2077
04715,Data Folha,AVALIAÇÃO DO PRESIDENTE JAIR BOLSONARO 100 DIAS,04-2019,04-2019,2086,População acima de 16 anos,Brasil,p34,Com qual frase você concorda mais:,Não sabe,37,2086
04715,Data Folha,AVALIAÇÃO DO PRESIDENTE JAIR BOLSONARO 100 DIAS,04-2019,04-2019,2086,População acima de 16 anos,Brasil,p34,Com qual frase você concorda mais:,"A posse de armas deve ser proibida, pois representa ameaça à vida de outras pessoas?",1333,2086
04715,Data Folha,AVALIAÇÃO DO PRESIDENTE JAIR BOLSONARO 100 DIAS,04-2019,04-2019,2086,População acima de 16 anos,Brasil,p34,Com qual frase você concorda mais:,Possuir uma arma legalizada deveria ser um direito do cidadão para se defender ou,716,2086
04715,Data Folha,AVALIAÇÃO DO PRESIDENTE JAIR BOLSONARO 100 DIAS,04-2019,04-2019,2086,População acima de 16 anos,Brasil,p42c,"Agora eu vou ler algumas frases e gostaria que você me dissesse se concorda ou discorda de cada uma delas, totalmente ou em parte: - A sociedade brasileira seria mais segura se as pessoas andassem armadas para se proteger da violência",Não sabe,32,2086
04715,Data Folha,AVALIAÇÃO DO PRESIDENTE JAIR BOLSONARO 100 DIAS,04-2019,04-2019,2086,População acima de 16 anos,Brasil,p42c,"Agora eu vou ler algumas frases e gostaria que você me dissesse se concorda ou discorda de cada uma delas, totalmente ou em parte: - A sociedade brasileira seria mais segura se as pessoas andassem armadas para se proteger da violência",Concorda totalmente,312,2086
04715,Data Folha,AVALIAÇÃO DO PRESIDENTE JAIR BOLSONARO 100 DIAS,04-2019,04-2019,2086,População acima de 16 anos,Brasil,p42c,"Agora eu vou ler algumas frases e gostaria que você me dissesse se concorda ou discorda de cada uma delas, totalmente ou em parte: - A sociedade brasileira seria mais segura se as pessoas andassem armadas para se proteger da violência",Concorda em parte,230,2086
04715,Data Folha,AVALIAÇÃO DO PRESIDENTE JAIR BOLSONARO 100 DIAS,04-2019,04-2019,2086,População acima de 16 anos,Brasil,p42c,"Agora eu vou ler algumas frases e gostaria que você me dissesse se concorda ou discorda de cada uma delas, totalmente ou em parte: - A sociedade brasileira seria mais segura se as pessoas andassem armadas para se proteger da violência",Não concorda nem discorda,8,2086
04715,Data Folha,AVALIAÇÃO DO PRESIDENTE JAIR BOLSONARO 100 DIAS,04-2019,04-2019,2086,População acima de 16 anos,Brasil,p42c,"Agora eu vou ler algumas frases e gostaria que você me dissesse se concorda ou discorda de cada uma delas, totalmente ou em parte: - A sociedade brasileira seria mais segura se as pessoas andassem armadas para se proteger da violência",Discorda em parte,304,2086
04715,Data Folha,AVALIAÇÃO DO PRESIDENTE JAIR BOLSONARO 100 DIAS,04-2019,04-2019,2086,População acima de 16 anos,Brasil,p42c,"Agora eu vou ler algumas frases e gostaria que você me dissesse se concorda ou discorda de cada uma delas, totalmente ou em parte: - A sociedade brasileira seria mais segura se as pessoas andassem armadas para se proteger da violência",Discorda Totalmente,1200,2086
04715,Data Folha,AVALIAÇÃO DO PRESIDENTE JAIR BOLSONARO 100 DIAS,04-2019,04-2019,2086,População acima de 16 anos,Brasil,p55,"Lembrando que suas respostas são sigilosas e que é importante que você seja sincero, você ou alguém na sua casa possui arma de fogo ?",Não sabe,8,2086
04715,Data Folha,AVALIAÇÃO DO PRESIDENTE JAIR BOLSONARO 100 DIAS,04-2019,04-2019,2086,População acima de 16 anos,Brasil,p55,"Lembrando que suas respostas são sigilosas e que é importante que você seja sincero, você ou alguém na sua casa possui arma de fogo ?",Entrevistado,59,2086
04715,Data Folha,AVALIAÇÃO DO PRESIDENTE JAIR BOLSONARO 100 DIAS,04-2019,04-2019,2086,População acima de 16 anos,Brasil,p55,"Lembrando que suas respostas são sigilosas e que é importante que você seja sincero, você ou alguém na sua casa possui arma de fogo ?",Alguém da casa,37,2086
04715,Data Folha,AVALIAÇÃO DO PRESIDENTE JAIR BOLSONARO 100 DIAS,04-2019,04-2019,2086,População acima de 16 anos,Brasil,p55,"Lembrando que suas respostas são sigilosas e que é importante que você seja sincero, você ou alguém na sua casa possui arma de fogo ?",Não possui,1982,2086
04715,Data Folha,AVALIAÇÃO DO PRESIDENTE JAIR BOLSONARO 100 DIAS,04-2019,04-2019,2086,População acima de 16 anos,Brasil,p56,E você alguma vez já pensou em comprar uma arma de fogo para se defender da violência ?,Sim,579,2086
04715,Data Folha,AVALIAÇÃO DO PRESIDENTE JAIR BOLSONARO 100 DIAS,04-2019,04-2019,2086,População acima de 16 anos,Brasil,p56,E você alguma vez já pensou em comprar uma arma de fogo para se defender da violência ?,Não,1506,2086
04715,Data Folha,AVALIAÇÃO DO PRESIDENTE JAIR BOLSONARO 100 DIAS,04-2019,04-2019,2086,População acima de 16 anos,Brasil,p56,E você alguma vez já pensou em comprar uma arma de fogo para se defender da violência ?,Não sabe,1,2086
04715,Data Folha,AVALIAÇÃO DO PRESIDENTE JAIR BOLSONARO 100 DIAS,04-2019,04-2019,2086,População acima de 16 anos,Brasil,p57,"Com a flexibilização das regras para comprar armas, você pretende comprar uma arma de fogo para se defender?",Sim,407,2086
04715,Data Folha,AVALIAÇÃO DO PRESIDENTE JAIR BOLSONARO 100 DIAS,04-2019,04-2019,2086,População acima de 16 anos,Brasil,p57,"Com a flexibilização das regras para comprar armas, você pretende comprar uma arma de fogo para se defender?",Não,1666,2086
04715,Data Folha,AVALIAÇÃO DO PRESIDENTE JAIR BOLSONARO 100 DIAS,04-2019,04-2019,2086,População acima de 16 anos,Brasil,p57,"Com a flexibilização das regras para comprar armas, você pretende comprar uma arma de fogo para se defender?",Não sabe,13,2086
04716,Data Folha,AVALIAÇÃO DO PRESIDENTE JAIR BOLSONARO 6 MESES,06-2019,06-2019,2086,População acima de 16 anos,Brasil,p32,Com qual frase você concorda mais:,Não sabe,46,2086
04716,Data Folha,AVALIAÇÃO DO PRESIDENTE JAIR BOLSONARO 6 MESES,06-2019,06-2019,2086,População acima de 16 anos,Brasil,p32,Com qual frase você concorda mais:,"A posse de armas deve ser proibida, pois representa ameaça à vida de outras pessoas?",1385,2086
04716,Data Folha,AVALIAÇÃO DO PRESIDENTE JAIR BOLSONARO 6 MESES,06-2019,06-2019,2086,População acima de 16 anos,Brasil,p32,Com qual frase você concorda mais:,Possuir uma arma legalizada deveria ser um direito do cidadão para se defender ou,655,2086
04716,Data Folha,AVALIAÇÃO DO PRESIDENTE JAIR BOLSONARO 6 MESES,06-2019,06-2019,2086,População acima de 16 anos,Brasil,p33,E você é a favor ou contra o projeto do presidente Jair Bolsonaro de facilitar que mais pessoas possam andar armadas?,Não sabe,36,2086
04716,Data Folha,AVALIAÇÃO DO PRESIDENTE JAIR BOLSONARO 6 MESES,06-2019,06-2019,2086,População acima de 16 anos,Brasil,p33,E você é a favor ou contra o projeto do presidente Jair Bolsonaro de facilitar que mais pessoas possam andar armadas?,A favor,583,2086
04716,Data Folha,AVALIAÇÃO DO PRESIDENTE JAIR BOLSONARO 6 MESES,06-2019,06-2019,2086,População acima de 16 anos,Brasil,p33,E você é a favor ou contra o projeto do presidente Jair Bolsonaro de facilitar que mais pessoas possam andar armadas?,Contra,1452,2086
04716,Data Folha,AVALIAÇÃO DO PRESIDENTE JAIR BOLSONARO 6 MESES,06-2019,06-2019,2086,População acima de 16 anos,Brasil,p33,E você é a favor ou contra o projeto do presidente Jair Bolsonaro de facilitar que mais pessoas possam andar armadas?,Indiferente,15,2086
04745,IPEC,AVALIAÇÃO DO GOVERNO JAIR BOLSONARO - ARMA DE FOGO NO BRASIL - AUXILIO EMERGENCIAL - PANDEMIA DO CORONAVIRUS,02-2021,02-2021,2002,População acima de 16 anos,Brasil,p1b,"O(A) sr(a) diria que é a favor ou contra a flexibilização das armas de fogo, ou seja, facilitar os critérios para compra e uso de armas?",A favor,513,2002
04745,IPEC,AVALIAÇÃO DO GOVERNO JAIR BOLSONARO - ARMA DE FOGO NO BRASIL - AUXILIO EMERGENCIAL - PANDEMIA DO CORONAVIRUS,02-2021,02-2021,2002,População acima de 16 anos,Brasil,p1b,"O(A) sr(a) diria que é a favor ou contra a flexibilização das armas de fogo, ou seja, facilitar os critérios para compra e uso de armas?",Contra,1443,2002
04745,IPEC,AVALIAÇÃO DO GOVERNO JAIR BOLSONARO - ARMA DE FOGO NO BRASIL - AUXILIO EMERGENCIAL - PANDEMIA DO CORONAVIRUS,02-2021,02-2021,2002,População acima de 16 anos,Brasil,p1b,"O(A) sr(a) diria que é a favor ou contra a flexibilização das armas de fogo, ou seja, facilitar os critérios para compra e uso de armas?",Não sabe/ Não respondeu,46,2002
04745,IPEC,AVALIAÇÃO DO GOVERNO JAIR BOLSONARO - ARMA DE FOGO NO BRASIL - AUXILIO EMERGENCIAL - PANDEMIA DO CORONAVIRUS,02-2021,02-2021,2002,População acima de 16 anos,Brasil,p2b01,"Dessas mudanças, gostaria de saber se o(a) sr(a) é a favor ou contra cada uma delas: Autorização para que o cidadão comum circule com 2 armas ao mesmo tempo",A favor,257,2002
04745,IPEC,AVALIAÇÃO DO GOVERNO JAIR BOLSONARO - ARMA DE FOGO NO BRASIL - AUXILIO EMERGENCIAL - PANDEMIA DO CORONAVIRUS,02-2021,02-2021,2002,População acima de 16 anos,Brasil,p2b01,"Dessas mudanças, gostaria de saber se o(a) sr(a) é a favor ou contra cada uma delas: Autorização para que o cidadão comum circule com 2 armas ao mesmo tempo",Contra,1722,2002
04745,IPEC,AVALIAÇÃO DO GOVERNO JAIR BOLSONARO - ARMA DE FOGO NO BRASIL - AUXILIO EMERGENCIAL - PANDEMIA DO CORONAVIRUS,02-2021,02-2021,2002,População acima de 16 anos,Brasil,p2b01,"Dessas mudanças, gostaria de saber se o(a) sr(a) é a favor ou contra cada uma delas: Autorização para que o cidadão comum circule com 2 armas ao mesmo tempo",Não sabe/ Não respondeu,23,2002
04745,IPEC,AVALIAÇÃO DO GOVERNO JAIR BOLSONARO - ARMA DE FOGO NO BRASIL - AUXILIO EMERGENCIAL - PANDEMIA DO CORONAVIRUS,02-2021,02-2021,2002,População acima de 16 anos,Brasil,p2b02,"Dessas mudanças, gostaria de saber se o(a) sr(a) é a favor ou contra cada uma delas: Aumento da quantidade de armas permitidas para defesa pessoal, passando de 4 para 6 armas",A favor,362,2002
04745,IPEC,AVALIAÇÃO DO GOVERNO JAIR BOLSONARO - ARMA DE FOGO NO BRASIL - AUXILIO EMERGENCIAL - PANDEMIA DO CORONAVIRUS,02-2021,02-2021,2002,População acima de 16 anos,Brasil,p2b02,"Dessas mudanças, gostaria de saber se o(a) sr(a) é a favor ou contra cada uma delas: Aumento da quantidade de armas permitidas para defesa pessoal, passando de 4 para 6 armas",Contra,1617,2002
04745,IPEC,AVALIAÇÃO DO GOVERNO JAIR BOLSONARO - ARMA DE FOGO NO BRASIL - AUXILIO EMERGENCIAL - PANDEMIA DO CORONAVIRUS,02-2021,02-2021,2002,População acima de 16 anos,Brasil,p2b02,"Dessas mudanças, gostaria de saber se o(a) sr(a) é a favor ou contra cada uma delas: Aumento da quantidade de armas permitidas para defesa pessoal, passando de 4 para 6 armas",Não sabe/ Não respondeu,23,2002
04745,IPEC,AVALIAÇÃO DO GOVERNO JAIR BOLSONARO - ARMA DE FOGO NO BRASIL - AUXILIO EMERGENCIAL - PANDEMIA DO CORONAVIRUS,02-2021,02-2021,2002,População acima de 16 anos,Brasil,p2b03,"Dessas mudanças, gostaria de saber se o(a) sr(a) é a favor ou contra cada uma delas: Compra de até 60 armas para atiradores, de até 30 armas para caçadores e de até 10 armas para colecionadores sem necessidade de autorização do Exercito",A favor,196,2002
04745,IPEC,AVALIAÇÃO DO GOVERNO JAIR BOLSONARO - ARMA DE FOGO NO BRASIL - AUXILIO EMERGENCIAL - PANDEMIA DO CORONAVIRUS,02-2021,02-2021,2002,População acima de 16 anos,Brasil,p2b03,"Dessas mudanças, gostaria de saber se o(a) sr(a) é a favor ou contra cada uma delas: Compra de até 60 armas para atiradores, de até 30 armas para caçadores e de até 10 armas para colecionadores sem necessidade de autorização do Exercito",Contra,1770,2002
04745,IPEC,AVALIAÇÃO DO GOVERNO JAIR BOLSONARO - ARMA DE FOGO NO BRASIL - AUXILIO EMERGENCIAL - PANDEMIA DO CORONAVIRUS,02-2021,02-2021,2002,População acima de 16 anos,Brasil,p2b03,"Dessas mudanças, gostaria de saber se o(a) sr(a) é a favor ou contra cada uma delas: Compra de até 60 armas para atiradores, de até 30 armas para caçadores e de até 10 armas para colecionadores sem necessidade de autorização do Exercito",Não sabe/ Não respondeu,36,2002
04843,Data Folha,PERFIL IDEOLÓGICO,06-2023,06-2023,2010,Eleitores de 16 anos ou mais,Brasil,p901a,P.901 Agora vou ler algumas frases e gostaria que você me dissesse se concorda ou discorda de cada uma delas. - Possuir arma legalizada deveria ser um direito do cidadão para se defender,Não sabe,23,2010
04843,Data Folha,PERFIL IDEOLÓGICO,06-2023,06-2023,2010,Eleitores de 16 anos ou mais,Brasil,p901a,P.901 Agora vou ler algumas frases e gostaria que você me dissesse se concorda ou discorda de cada uma delas. - Possuir arma legalizada deveria ser um direito do cidadão para se defender,Concorda totalmente,602,2010
04843,Data Folha,PERFIL IDEOLÓGICO,06-2023,06-2023,2010,Eleitores de 16 anos ou mais,Brasil,p901a,P.901 Agora vou ler algumas frases e gostaria que você me dissesse se concorda ou discorda de cada uma delas. - Possuir arma legalizada deveria ser um direito do cidadão para se defender,Concorda em parte,346,2010
04843,Data Folha,PERFIL IDEOLÓGICO,06-2023,06-2023,2010,Eleitores de 16 anos ou mais,Brasil,p901a,P.901 Agora vou ler algumas frases e gostaria que você me dissesse se concorda ou discorda de cada uma delas. - Possuir arma legalizada deveria ser um direito do cidadão para se defender,Discorda em parte,220,2010
04843,Data Folha,PERFIL IDEOLÓGICO,06-2023,06-2023,2010,Eleitores de 16 anos ou mais,Brasil,p901a,P.901 Agora vou ler algumas frases e gostaria que você me dissesse se concorda ou discorda de cada uma delas. - Possuir arma legalizada deveria ser um direito do cidadão para se defender,"Nem concorda, nem discorda",16,2010
04843,Data Folha,PERFIL IDEOLÓGICO,06-2023,06-2023,2010,Eleitores de 16 anos ou mais,Brasil,p901a,P.901 Agora vou ler algumas frases e gostaria que você me dissesse se concorda ou discorda de cada uma delas. - Possuir arma legalizada deveria ser um direito do cidadão para se defender,Discorda totalmente,803,2010
